tile_id,image_path
1,E:\Sentinelv3\Fazenda Forest\Fazenda_Manna_2017_2018\Fazenda_Manna_2017_2018_Tile_001.tif
2,E:\Sentinelv3\Fazenda Forest\Fazenda_Manna_2017_2018\Fazenda_Manna_2017_2018_Tile_002.tif
3,E:\Sentinelv3\Fazenda Forest\Fazenda_Manna_2017_2018\Fazenda_Manna_2017_2018_Tile_003.tif
4,E:\Sentinelv3\Fazenda Forest\Fazenda_Manna_2017_2018\Fazenda_Manna_2017_2018_Tile_004.tif
5,E:\Sentinelv3\Fazenda Forest\Fazenda_Manna_2017_2018\Fazenda_Manna_2017_2018_Tile_005.tif
6,E:\Sentinelv3\Fazenda Forest\Fazenda_Manna_2017_2018\Fazenda_Manna_2017_2018_Tile_006.tif
7,E:\Sentinelv3\Fazenda Forest\Fazenda_Manna_2017_2018\Fazenda_Manna_2017_2018_Tile_007.tif
8,E:\Sentinelv3\Fazenda Forest\Fazenda_Manna_2017_2018\Fazenda_Manna_2017_2018_Tile_008.tif
9,E:\Sentinelv3\Fazenda Forest\Fazenda_Manna_2017_2018\Fazenda_Manna_2017_2018_Tile_009.tif
10,E:\Sentinelv3\Fazenda Forest\Fazenda_Manna_2017_2018\Fazenda_Manna_2017_2018_Tile_010.tif
11,E:\Sentinelv3\Fazenda Forest\Fazenda_Manna_2017_2018\Fazenda_Manna_2017_2018_Tile_011.tif
12,E:\Sentinelv3\Fazenda Forest\Fazenda_Manna_2017_2018\Fazenda_Manna_2017_2018_Tile_012.tif
13,E:\Sentinelv3\Fazenda Forest\Fazenda_Manna_2017_2018\Fazenda_Manna_2017_2018_Tile_013.tif
14,E:\Sentinelv3\Fazenda Forest\Fazenda_Manna_2017_2018\Fazenda_Manna_2017_2018_Tile_014.tif
15,E:\Sentinelv3\Fazenda Forest\Fazenda_Manna_2017_2018\Fazenda_Manna_2017_2018_Tile_015.tif
16,E:\Sentinelv3\Fazenda Forest\Fazenda_Manna_2017_2018\Fazenda_Manna_2017_2018_Tile_016.tif
17,E:\Sentinelv3\Fazenda Forest\Fazenda_Manna_2017_2018\Fazenda_Manna_2017_2018_Tile_017.tif
18,E:\Sentinelv3\Fazenda Forest\Fazenda_Manna_2017_2018\Fazenda_Manna_2017_2018_Tile_018.tif
19,E:\Sentinelv3\Fazenda Forest\Fazenda_Manna_2017_2018\Fazenda_Manna_2017_2018_Tile_019.tif
20,E:\Sentinelv3\Fazenda Forest\Fazenda_Manna_2017_2018\Fazenda_Manna_2017_2018_Tile_020.tif
21,E:\Sentinelv3\Fazenda Forest\Fazenda_Manna_2017_2018\Fazenda_Manna_2017_2018_Tile_021.tif
22,E:\Sentinelv3\Fazenda Forest\Fazenda_Manna_2017_2018\Fazenda_Manna_2017_2018_Tile_022.tif
23,E:\Sentinelv3\Fazenda Forest\Fazenda_Manna_2017_2018\Fazenda_Manna_2017_2018_Tile_023.tif
24,E:\Sentinelv3\Fazenda Forest\Fazenda_Manna_2017_2018\Fazenda_Manna_2017_2018_Tile_024.tif
25,E:\Sentinelv3\Fazenda Forest\Fazenda_Manna_2017_2018\Fazenda_Manna_2017_2018_Tile_025.tif
26,E:\Sentinelv3\Fazenda Forest\Fazenda_Manna_2017_2018\Fazenda_Manna_2017_2018_Tile_026.tif
27,E:\Sentinelv3\Fazenda Forest\Fazenda_Manna_2017_2018\Fazenda_Manna_2017_2018_Tile_027.tif
28,E:\Sentinelv3\Fazenda Forest\Fazenda_Manna_2017_2018\Fazenda_Manna_2017_2018_Tile_028.tif
29,E:\Sentinelv3\Fazenda Forest\Fazenda_Manna_2017_2018\Fazenda_Manna_2017_2018_Tile_029.tif
30,E:\Sentinelv3\Fazenda Forest\Fazenda_Manna_2017_2018\Fazenda_Manna_2017_2018_Tile_030.tif
31,E:\Sentinelv3\Fazenda Forest\Fazenda_Manna_2017_2018\Fazenda_Manna_2017_2018_Tile_031.tif
32,E:\Sentinelv3\Fazenda Forest\Fazenda_Manna_2017_2018\Fazenda_Manna_2017_2018_Tile_032.tif
33,E:\Sentinelv3\Fazenda Forest\Fazenda_Manna_2017_2018\Fazenda_Manna_2017_2018_Tile_033.tif
34,E:\Sentinelv3\Fazenda Forest\Fazenda_Manna_2017_2018\Fazenda_Manna_2017_2018_Tile_034.tif
35,E:\Sentinelv3\Fazenda Forest\Fazenda_Manna_2017_2018\Fazenda_Manna_2017_2018_Tile_035.tif
36,E:\Sentinelv3\Fazenda Forest\Fazenda_Manna_2017_2018\Fazenda_Manna_2017_2018_Tile_036.tif
37,E:\Sentinelv3\Fazenda Forest\Fazenda_Manna_2017_2018\Fazenda_Manna_2017_2018_Tile_037.tif
38,E:\Sentinelv3\Fazenda Forest\Fazenda_Manna_2017_2018\Fazenda_Manna_2017_2018_Tile_038.tif
39,E:\Sentinelv3\Fazenda Forest\Fazenda_Manna_2017_2018\Fazenda_Manna_2017_2018_Tile_039.tif
40,E:\Sentinelv3\Fazenda Forest\Fazenda_Manna_2017_2018\Fazenda_Manna_2017_2018_Tile_040.tif
41,E:\Sentinelv3\Fazenda Forest\Fazenda_Manna_2017_2018\Fazenda_Manna_2017_2018_Tile_041.tif
42,E:\Sentinelv3\Fazenda Forest\Fazenda_Manna_2017_2018\Fazenda_Manna_2017_2018_Tile_042.tif
43,E:\Sentinelv3\Fazenda Forest\Fazenda_Manna_2017_2018\Fazenda_Manna_2017_2018_Tile_043.tif
44,E:\Sentinelv3\Fazenda Forest\Fazenda_Manna_2017_2018\Fazenda_Manna_2017_2018_Tile_044.tif
45,E:\Sentinelv3\Fazenda Forest\Fazenda_Manna_2017_2018\Fazenda_Manna_2017_2018_Tile_045.tif
46,E:\Sentinelv3\Fazenda Forest\Fazenda_Manna_2017_2018\Fazenda_Manna_2017_2018_Tile_046.tif
47,E:\Sentinelv3\Fazenda Forest\Fazenda_Manna_2017_2018\Fazenda_Manna_2017_2018_Tile_047.tif
48,E:\Sentinelv3\Fazenda Forest\Fazenda_Manna_2017_2018\Fazenda_Manna_2017_2018_Tile_048.tif
49,E:\Sentinelv3\Fazenda Forest\Fazenda_Manna_2017_2018\Fazenda_Manna_2017_2018_Tile_049.tif
50,E:\Sentinelv3\Fazenda Forest\Fazenda_Manna_2017_2018\Fazenda_Manna_2017_2018_Tile_050.tif
51,E:\Sentinelv3\Fazenda Forest\Fazenda_Manna_2017_2018\Fazenda_Manna_2017_2018_Tile_051.tif
52,E:\Sentinelv3\Fazenda Forest\Fazenda_Manna_2017_2018\Fazenda_Manna_2017_2018_Tile_052.tif
53,E:\Sentinelv3\Fazenda Forest\Fazenda_Manna_2017_2018\Fazenda_Manna_2017_2018_Tile_053.tif
54,E:\Sentinelv3\Fazenda Forest\Fazenda_Manna_2017_2018\Fazenda_Manna_2017_2018_Tile_054.tif
55,E:\Sentinelv3\Fazenda Forest\Fazenda_Manna_2017_2018\Fazenda_Manna_2017_2018_Tile_055.tif
56,E:\Sentinelv3\Fazenda Forest\Fazenda_Manna_2017_2018\Fazenda_Manna_2017_2018_Tile_056.tif
57,E:\Sentinelv3\Fazenda Forest\Fazenda_Manna_2017_2018\Fazenda_Manna_2017_2018_Tile_057.tif
58,E:\Sentinelv3\Fazenda Forest\Fazenda_Manna_2017_2018\Fazenda_Manna_2017_2018_Tile_058.tif
59,E:\Sentinelv3\Fazenda Forest\Fazenda_Manna_2017_2018\Fazenda_Manna_2017_2018_Tile_059.tif
60,E:\Sentinelv3\Fazenda Forest\Fazenda_Manna_2017_2018\Fazenda_Manna_2017_2018_Tile_060.tif
61,E:\Sentinelv3\Fazenda Forest\Fazenda_Manna_2017_2018\Fazenda_Manna_2017_2018_Tile_061.tif
62,E:\Sentinelv3\Fazenda Forest\Fazenda_Manna_2017_2018\Fazenda_Manna_2017_2018_Tile_062.tif
63,E:\Sentinelv3\Fazenda Forest\Fazenda_Manna_2017_2018\Fazenda_Manna_2017_2018_Tile_063.tif
64,E:\Sentinelv3\Fazenda Forest\Fazenda_Manna_2017_2018\Fazenda_Manna_2017_2018_Tile_064.tif
65,E:\Sentinelv3\Fazenda Forest\Fazenda_Manna_2017_2018\Fazenda_Manna_2017_2018_Tile_065.tif
66,E:\Sentinelv3\Fazenda Forest\Fazenda_Manna_2017_2018\Fazenda_Manna_2017_2018_Tile_066.tif
67,E:\Sentinelv3\Fazenda Forest\Fazenda_Manna_2017_2018\Fazenda_Manna_2017_2018_Tile_067.tif
68,E:\Sentinelv3\Fazenda Forest\Fazenda_Manna_2017_2018\Fazenda_Manna_2017_2018_Tile_068.tif
69,E:\Sentinelv3\Fazenda Forest\Fazenda_Manna_2017_2018\Fazenda_Manna_2017_2018_Tile_069.tif
70,E:\Sentinelv3\Fazenda Forest\Fazenda_Manna_2017_2018\Fazenda_Manna_2017_2018_Tile_070.tif
71,E:\Sentinelv3\Fazenda Forest\Fazenda_Manna_2017_2018\Fazenda_Manna_2017_2018_Tile_071.tif
72,E:\Sentinelv3\Fazenda Forest\Fazenda_Manna_2017_2018\Fazenda_Manna_2017_2018_Tile_072.tif
73,E:\Sentinelv3\Fazenda Forest\Fazenda_Manna_2017_2018\Fazenda_Manna_2017_2018_Tile_073.tif
74,E:\Sentinelv3\Fazenda Forest\Fazenda_Manna_2017_2018\Fazenda_Manna_2017_2018_Tile_074.tif
75,E:\Sentinelv3\Fazenda Forest\Fazenda_Manna_2017_2018\Fazenda_Manna_2017_2018_Tile_075.tif
76,E:\Sentinelv3\Fazenda Forest\Fazenda_Manna_2017_2018\Fazenda_Manna_2017_2018_Tile_076.tif
77,E:\Sentinelv3\Fazenda Forest\Fazenda_Manna_2017_2018\Fazenda_Manna_2017_2018_Tile_077.tif
78,E:\Sentinelv3\Fazenda Forest\Fazenda_Manna_2017_2018\Fazenda_Manna_2017_2018_Tile_078.tif
79,E:\Sentinelv3\Fazenda Forest\Fazenda_Manna_2017_2018\Fazenda_Manna_2017_2018_Tile_079.tif
80,E:\Sentinelv3\Fazenda Forest\Fazenda_Manna_2017_2018\Fazenda_Manna_2017_2018_Tile_080.tif
81,E:\Sentinelv3\Fazenda Forest\Fazenda_Manna_2017_2018\Fazenda_Manna_2017_2018_Tile_081.tif
82,E:\Sentinelv3\Fazenda Forest\Fazenda_Manna_2017_2018\Fazenda_Manna_2017_2018_Tile_082.tif
83,E:\Sentinelv3\Fazenda Forest\Fazenda_Manna_2017_2018\Fazenda_Manna_2017_2018_Tile_083.tif
84,E:\Sentinelv3\Fazenda Forest\Fazenda_Manna_2017_2018\Fazenda_Manna_2017_2018_Tile_084.tif
85,E:\Sentinelv3\Fazenda Forest\Fazenda_Manna_2017_2018\Fazenda_Manna_2017_2018_Tile_085.tif
86,E:\Sentinelv3\Fazenda Forest\Fazenda_Manna_2017_2018\Fazenda_Manna_2017_2018_Tile_086.tif
87,E:\Sentinelv3\Fazenda Forest\Fazenda_Manna_2017_2018\Fazenda_Manna_2017_2018_Tile_087.tif
88,E:\Sentinelv3\Fazenda Forest\Fazenda_Manna_2017_2018\Fazenda_Manna_2017_2018_Tile_088.tif
89,E:\Sentinelv3\Fazenda Forest\Fazenda_Manna_2017_2018\Fazenda_Manna_2017_2018_Tile_089.tif
90,E:\Sentinelv3\Fazenda Forest\Fazenda_Manna_2017_2018\Fazenda_Manna_2017_2018_Tile_090.tif
91,E:\Sentinelv3\Fazenda Forest\Fazenda_Manna_2017_2018\Fazenda_Manna_2017_2018_Tile_091.tif
92,E:\Sentinelv3\Fazenda Forest\Fazenda_Manna_2017_2018\Fazenda_Manna_2017_2018_Tile_092.tif
93,E:\Sentinelv3\Fazenda Forest\Fazenda_Manna_2017_2018\Fazenda_Manna_2017_2018_Tile_093.tif
94,E:\Sentinelv3\Fazenda Forest\Fazenda_Manna_2017_2018\Fazenda_Manna_2017_2018_Tile_094.tif
95,E:\Sentinelv3\Fazenda Forest\Fazenda_Manna_2017_2018\Fazenda_Manna_2017_2018_Tile_095.tif
96,E:\Sentinelv3\Fazenda Forest\Fazenda_Manna_2017_2018\Fazenda_Manna_2017_2018_Tile_096.tif
97,E:\Sentinelv3\Fazenda Forest\Fazenda_Manna_2017_2018\Fazenda_Manna_2017_2018_Tile_097.tif
98,E:\Sentinelv3\Fazenda Forest\Fazenda_Manna_2017_2018\Fazenda_Manna_2017_2018_Tile_098.tif
99,E:\Sentinelv3\Fazenda Forest\Fazenda_Manna_2017_2018\Fazenda_Manna_2017_2018_Tile_099.tif
100,E:\Sentinelv3\Fazenda Forest\Fazenda_Manna_2017_2018\Fazenda_Manna_2017_2018_Tile_100.tif
